{"cameraMode":{"drawMode":0,"name":"Shaded","section":"Shading Mode"},"sceneLighting":true,"audioPlay":false,"sceneViewState":{"showFog":true,"showMaterialUpdate":false,"showSkybox":true,"showFlares":true,"showImageEffects":true,"showParticleSystems":true},"in2DMode":false,"pivot":{"x":-3.566063642501831,"y":-1.0929429531097413,"z":-6.353763103485107},"rotation":{"x":0.13785097002983094,"y":0.016338353976607324,"z":-0.002270052907988429,"w":0.9903250932693481},"size":3.077820301055908,"orthographic":false}