{"cameraMode":{"drawMode":0,"name":"Shaded","section":"Shading Mode"},"sceneLighting":false,"audioPlay":false,"sceneViewState":{"showFog":true,"showMaterialUpdate":false,"showSkybox":false,"showFlares":true,"showImageEffects":true,"showParticleSystems":true},"in2DMode":false,"pivot":{"x":-0.10195887088775635,"y":0.23033806681632996,"z":-0.006036996841430664},"rotation":{"x":-0.0321776419878006,"y":0.9664776921272278,"z":-0.15231212973594666,"w":-0.20417840778827668},"size":1.1289417743682862,"orthographic":false}