{"cameraMode":{"drawMode":0,"name":"Shaded","section":"Shading Mode"},"sceneLighting":false,"audioPlay":false,"sceneViewState":{"showFog":true,"showMaterialUpdate":false,"showSkybox":false,"showFlares":true,"showImageEffects":true,"showParticleSystems":true},"in2DMode":false,"pivot":{"x":1.2095756530761719,"y":1.4597833156585694,"z":0.03904334083199501},"rotation":{"x":0.3163103759288788,"y":0.14998696744441987,"z":-0.05072139576077461,"w":0.935351550579071},"size":2.3334531784057619,"orthographic":false}