{"cameraMode":{"drawMode":0,"name":"Shaded","section":"Shading Mode"},"sceneLighting":false,"audioPlay":false,"sceneViewState":{"showFog":true,"showMaterialUpdate":false,"showSkybox":false,"showFlares":true,"showImageEffects":true,"showParticleSystems":true},"in2DMode":false,"pivot":{"x":-0.40779948234558108,"y":0.6054869890213013,"z":0.5749721527099609},"rotation":{"x":-0.06559807062149048,"y":0.14081503450870515,"z":-0.009351030923426152,"w":-0.9878177046775818},"size":2.671534538269043,"orthographic":false}