{"cameraMode":{"drawMode":0,"name":"Shaded","section":"Shading Mode"},"sceneLighting":false,"audioPlay":false,"sceneViewState":{"showFog":true,"showMaterialUpdate":false,"showSkybox":false,"showFlares":true,"showImageEffects":true,"showParticleSystems":true},"in2DMode":false,"pivot":{"x":0.12346503883600235,"y":-0.08167611807584763,"z":0.09558477252721787},"rotation":{"x":-0.1906086951494217,"y":0.6392890214920044,"z":-0.16787920892238618,"w":-0.7258154153823853},"size":0.8289417624473572,"orthographic":false}