{"cameraMode":{"drawMode":0,"name":"Shaded","section":"Shading Mode"},"sceneLighting":false,"audioPlay":false,"sceneViewState":{"showFog":true,"showMaterialUpdate":false,"showSkybox":false,"showFlares":true,"showImageEffects":true,"showParticleSystems":true},"in2DMode":false,"pivot":{"x":0.6690971851348877,"y":-0.021573100239038469,"z":-0.11209756135940552},"rotation":{"x":0.6321382522583008,"y":0.0011587169719859958,"z":-0.0009450774523429573,"w":0.7748563885688782},"size":1.773667335510254,"orthographic":false}