{"cameraMode":{"drawMode":0,"name":"Shaded","section":"Shading Mode"},"sceneLighting":false,"audioPlay":false,"sceneViewState":{"showFog":true,"showMaterialUpdate":false,"showSkybox":false,"showFlares":true,"showImageEffects":true,"showParticleSystems":true},"in2DMode":false,"pivot":{"x":0.2458420693874359,"y":1.1390202045440674,"z":0.07373466342687607},"rotation":{"x":0.26097866892814639,"y":0.18395529687404633,"z":-0.05073270574212074,"w":0.946298360824585},"size":2.3334531784057619,"orthographic":false}