{"cameraMode":{"drawMode":0,"name":"Shaded","section":"Shading Mode"},"sceneLighting":false,"audioPlay":false,"sceneViewState":{"showFog":true,"showMaterialUpdate":false,"showSkybox":false,"showFlares":true,"showImageEffects":true,"showParticleSystems":true},"in2DMode":false,"pivot":{"x":0.39699405431747439,"y":0.18761484324932099,"z":-0.00747767835855484},"rotation":{"x":-0.14357349276542664,"y":0.854481041431427,"z":-0.3204684257507324,"w":-0.3828173875808716},"size":2.628941774368286,"orthographic":false}